,0,1,2,3,4,5,6,7,8,9,10,11,12,13,14,15,16,17,18,19,20,21,22,23,24,25,26,27,28,29,30,31,32,33,34,35,36,37,38,39,40,41,42,43,44,45,46,47,48,49,50,51,52,53,54,55,56,57,58,59,60,61,62,63,64,65,66,67,68,69,70,71,72,73,74,75,76,77,78,79,80,81,82,83,84
0,subject,specimen,sample,gender,sequencer,flow_cell_id,lane,Ex1,Ex2,Ex3,Ex4,Ex5,Ex6,Ex7,Ex8,Ex9,Ex10,Ex11,Ex12,Ex13,Ex14,Ex15,Ex16,Ex17,Ex18,Ex19,Ex20,Ex21,Ex22,Ex23,Ex24,Ex25,Ex26,Ex27,Ex28,Ex29,Ex30,Ex31,Ex32,Ex33,Ex34,Ex35,Ex36,Ex37,Ex38,Ex39,Ex40,Ex41,Ex42,Ex43,Ex44,Ex45,Ex46,Ex47,Ex48,Ex49,Ex50,Ex51,Ex52,Ex53,Ex54,Ex55,Ex56,Ex57,Ex58,Ex59,Ex60,Ex61,Ex62,Ex63,Ex64,Ex65|66,Ex67,Ex68,Ex69,Ex70,Ex71,Ex72,Ex73,Ex74,Ex75,Ex76,Ex77,Ex78,Ex79
1,MRMR-0011-266B,MRMR-0011-266B_1,MRMR-0011-266B_1-M1-1,M,M1,H7YMLAFXX,L003,236,8,50,105,48,89,101,58,16,89,45,34,48,26,89,23,50,36,63,137,57,89,62,51,137,47,91,52,85,31,49,47,88,51,77,70,80,41,65,69,78,33,50,73,153,48,102,73,96,63,44,32,131,62,97,37,40,44,66,111,45,86,44,56,108,60,126,53,42,9,59,37,104,32,14,70,13,58
2,MRMR-0011-266B,MRMR-0011-266B_1,MRMR-0011-266B_1-M1-1,M,M1,H7YMLAFXX,L002,214,3,57,100,52,93,69,53,10,72,54,35,52,23,53,35,46,27,50,136,62,87,35,57,128,60,93,40,81,39,34,54,102,48,59,68,63,36,70,91,59,40,76,71,145,47,115,71,135,39,53,50,119,30,132,36,45,46,76,117,44,97,32,46,103,56,123,53,76,41,53,36,83,22,25,53,16,55
3,MRMR-0011-266B,MRMR-0011-266B_1,MRMR-0011-266B_1-M1-1,M,M1,H7YMLAFXX,L001,237,3,52,84,50,84,117,64,18,47,39,33,68,26,85,31,43,34,69,118,47,64,45,72,129,46,102,50,84,22,29,43,113,57,56,73,79,32,63,51,54,46,56,102,143,49,113,55,91,45,41,39,128,48,86,21,34,39,65,116,34,90,41,70,102,56,84,53,62,21,60,47,79,29,22,60,9,57
4,MRMR-0011-266B,MRMR-0011-266B_1,MRMR-0011-266B_1-M1-1,M,M1,H7YMLAFXX,L004,263,7,46,78,51,74,81,63,19,88,53,45,53,25,79,29,48,22,68,133,59,90,69,54,141,41,105,51,71,35,39,67,90,36,59,89,59,59,46,66,59,52,75,76,132,56,103,71,120,51,54,51,123,41,103,39,47,38,76,112,41,92,33,59,113,70,93,50,83,30,56,34,91,38,29,51,12,51
5,FRMR-00SC-714V,FRMR-00SC-714V_1,FRMR-00SC-714V_1-M1-1,F,M1,H7VJGAFXX,L004,425,11,76,157,79,143,156,120,31,142,79,78,66,70,150,59,76,29,80,209,79,133,114,83,222,62,167,52,136,65,77,96,168,57,88,85,95,70,119,102,79,59,104,89,249,66,215,91,160,70,79,50,162,70,195,41,66,68,122,166,61,104,77,159,164,94,139,73,88,54,95,86,108,51,42,100,23,102
6,FRMR-00SC-714V,FRMR-00SC-714V_1,FRMR-00SC-714V_1-M1-1,F,M1,H7VJGAFXX,L003,329,13,75,167,86,98,137,102,18,130,89,84,72,57,170,56,74,34,89,200,92,111,128,71,212,112,162,80,111,55,84,68,137,83,84,94,74,60,85,97,80,62,97,108,217,61,199,103,188,67,62,55,166,44,158,65,75,62,79,146,65,109,51,97,156,96,126,73,99,42,106,69,117,32,40,79,15,74
7,FRMR-00SC-714V,FRMR-00SC-714V_1,FRMR-00SC-714V_1-M1-1,F,M1,H7VJGAFXX,L002,354,16,86,131,63,102,145,118,22,104,102,77,68,57,158,53,65,44,69,219,96,152,97,87,238,77,188,85,112,75,64,64,156,62,81,85,84,66,73,99,92,69,117,68,250,50,186,71,188,82,87,53,176,68,170,44,69,86,95,141,61,134,60,125,163,91,138,54,96,47,131,71,120,40,36,70,15,83
8,FRMR-00SC-714V,FRMR-00SC-714V_1,FRMR-00SC-714V_1-M1-1,F,M1,H7VJGAFXX,L001,426,18,94,152,97,176,163,125,27,128,98,74,83,37,174,59,53,27,94,266,129,135,121,76,232,104,190,83,150,74,79,78,168,78,97,104,95,81,107,124,120,62,127,119,275,76,247,115,152,75,85,63,186,86,199,68,48,73,109,130,61,116,65,111,163,106,141,87,114,66,103,86,135,45,42,110,21,112
9,FRMR-00CS-821F,FRMR-00CS-821F_1,FRMR-00CS-821F_1-M1-1,F,M1,H7VJGAFXX,L002,337,11,102,194,124,118,164,104,35,122,103,88,77,78,138,42,94,48,74,249,90,115,114,74,217,97,182,56,140,47,98,71,142,50,76,82,104,48,108,94,66,57,145,106,207,65,179,100,165,69,86,56,181,55,201,69,68,66,113,154,51,117,57,105,175,90,172,69,95,55,103,70,163,43,47,73,12,90
10,FRMR-00CS-821F,FRMR-00CS-821F_1,FRMR-00CS-821F_1-M1-1,F,M1,H7VJGAFXX,L003,379,12,72,168,78,117,173,111,27,146,116,115,95,54,188,64,93,32,85,254,104,150,117,74,225,106,168,62,132,67,85,69,136,63,96,87,99,72,83,88,74,66,158,81,239,78,231,90,189,71,68,67,155,57,200,65,85,65,93,154,47,119,53,116,150,105,145,65,99,39,120,86,126,51,35,99,15,96
11,FRMR-00CS-821F,FRMR-00CS-821F_1,FRMR-00CS-821F_1-M1-1,F,M1,H7VJGAFXX,L001,419,12,105,195,133,142,173,91,48,175,129,105,80,70,143,75,97,55,86,296,144,156,128,87,242,113,195,84,131,55,100,78,179,67,91,92,101,68,140,136,92,64,147,113,228,64,209,113,191,85,76,77,213,78,236,61,56,67,99,169,63,139,49,135,206,105,218,84,151,71,146,70,155,59,54,103,15,95
12,FRMR-00CS-821F,FRMR-00CS-821F_1,FRMR-00CS-821F_1-M1-1,F,M1,H7VJGAFXX,L004,349,15,91,165,107,131,142,100,35,140,89,91,76,54,156,54,70,35,79,269,121,139,98,76,243,75,228,94,128,70,88,53,190,65,81,67,100,101,101,106,71,59,128,93,221,81,221,117,171,73,104,61,169,61,231,63,48,67,127,155,56,159,53,140,152,84,194,82,86,44,134,63,130,44,48,80,9,114
13,FRMR-0081-1987,FRMR-0081-1987_1,FRMR-0081-1987_1-M1-1,F,M1,H7YMLAFXX,L004,416,16,110,145,116,165,139,148,40,156,94,101,106,52,164,74,116,54,92,274,111,138,116,97,287,93,197,77,139,59,101,97,226,81,135,132,118,88,94,108,138,77,161,120,256,72,210,96,169,93,87,66,199,65,234,65,87,89,108,199,71,165,81,106,160,112,173,89,107,53,108,92,149,43,36,92,21,114
14,FRMR-0081-1987,FRMR-0081-1987_1,FRMR-0081-1987_1-M1-1,F,M1,H7YMLAFXX,L002,480,24,102,146,98,179,148,81,35,180,125,117,80,59,148,79,103,51,115,241,130,152,120,76,267,124,158,96,162,48,87,113,190,81,114,93,98,118,98,113,102,49,157,85,264,71,182,102,197,81,93,57,157,73,194,77,50,71,117,251,81,139,67,150,175,110,162,96,135,47,120,77,147,54,45,110,18,76
15,FRMR-0081-1987,FRMR-0081-1987_1,FRMR-0081-1987_1-M1-1,F,M1,H7YMLAFXX,L003,460,21,113,185,107,189,142,103,47,140,99,137,95,52,188,61,112,46,106,286,116,167,112,82,283,92,160,109,137,65,112,76,217,99,137,108,105,61,110,104,119,87,176,105,254,106,215,127,222,54,88,73,174,67,219,83,72,81,110,191,80,161,75,146,167,112,169,97,140,48,105,69,184,46,43,105,20,108
16,FRMR-0081-1987,FRMR-0081-1987_1,FRMR-0081-1987_1-M1-1,F,M1,H7YMLAFXX,L001,402,11,91,169,103,145,152,110,36,124,128,98,81,52,196,66,98,53,103,259,139,131,118,118,267,112,174,80,174,43,87,74,199,84,105,108,133,66,104,102,100,92,159,102,241,70,230,131,203,81,94,57,156,71,184,54,71,87,120,176,64,149,80,103,213,105,138,111,142,51,111,68,152,56,54,86,18,77
17,FRMR-0085-579V,FRMR-0085-579V_1,FRMR-0085-579V_1-M1-1,F,M1,H7YMLAFXX,L002,348,8,74,120,85,140,96,92,20,113,90,73,62,42,112,45,74,47,83,207,83,129,88,73,230,85,138,62,116,44,49,73,181,90,93,82,113,59,105,85,67,52,148,76,200,59,150,92,174,44,79,52,138,51,171,66,37,49,110,163,92,133,69,78,192,96,134,93,96,40,94,56,124,39,26,100,20,74
18,FRMR-0085-579V,FRMR-0085-579V_1,FRMR-0085-579V_1-M1-1,F,M1,H7YMLAFXX,L003,329,21,90,132,81,171,134,95,29,138,87,97,78,52,146,72,81,54,77,213,101,138,81,61,260,68,173,79,138,44,60,97,167,61,101,92,89,60,115,101,79,74,109,101,218,84,176,123,195,69,87,33,139,44,176,64,62,60,103,171,71,113,64,116,191,81,131,85,102,48,86,57,131,45,43,86,22,85
19,FRMR-0085-579V,FRMR-0085-579V_1,FRMR-0085-579V_1-M1-1,F,M1,H7YMLAFXX,L001,293,15,83,149,91,118,115,83,26,111,93,60,59,57,126,57,74,39,64,223,90,102,112,71,203,87,143,47,123,63,76,72,167,45,122,89,87,49,93,109,73,59,119,106,182,76,137,100,166,64,70,50,154,75,186,46,46,74,82,169,49,116,56,109,161,112,128,75,78,35,70,52,118,34,27,91,15,77
20,FRMR-0085-579V,FRMR-0085-579V_1,FRMR-0085-579V_1-M1-1,F,M1,H7YMLAFXX,L004,295,11,71,133,98,119,126,88,28,94,107,81,66,53,130,51,85,40,100,243,95,111,102,73,189,71,160,56,134,55,62,76,170,61,97,74,94,81,101,75,83,58,124,107,149,76,186,111,164,55,47,51,150,71,178,60,36,85,109,141,79,136,71,126,135,102,133,75,96,26,86,46,127,44,35,78,14,76
21,FRMR-00DM-853C,FRMR-00DM-853C_1,FRMR-00DM-853C_1-M1-1,F,M1,H7YMLAFXX,L001,285,15,72,129,88,109,119,76,23,80,74,62,62,45,104,54,55,49,82,192,86,140,67,75,181,69,119,58,106,38,67,48,126,58,63,86,86,67,82,94,76,58,141,70,196,55,151,104,173,58,45,60,126,54,152,57,46,60,87,155,54,114,57,78,129,97,110,56,81,40,83,57,113,44,23,69,9,61
22,FRMR-00DM-853C,FRMR-00DM-853C_1,FRMR-00DM-853C_1-M1-1,F,M1,H7YMLAFXX,L002,302,12,94,139,85,128,106,101,33,87,91,58,64,38,121,52,62,35,83,214,105,99,108,72,221,68,129,85,120,49,44,64,120,90,93,78,83,49,71,74,82,44,102,92,162,53,160,101,125,63,63,46,120,59,147,65,48,62,99,152,68,68,55,115,148,91,116,64,65,38,92,53,116,43,22,86,12,79
23,FRMR-00DM-853C,FRMR-00DM-853C_1,FRMR-00DM-853C_1-M1-1,F,M1,H7YMLAFXX,L003,317,8,102,120,101,134,84,88,32,114,71,85,70,53,118,58,85,45,97,229,112,132,96,69,213,72,137,61,116,43,55,78,141,79,80,103,102,56,85,108,94,53,128,88,210,73,158,112,175,61,87,63,148,65,177,65,39,64,93,159,40,122,55,86,141,85,103,69,73,40,76,51,137,40,32,88,21,56
24,FRMR-00DM-853C,FRMR-00DM-853C_1,FRMR-00DM-853C_1-M1-1,F,M1,H7YMLAFXX,L004,340,9,66,140,75,98,120,73,23,92,88,57,64,46,135,53,48,30,81,202,103,117,92,73,207,93,130,67,113,49,66,83,161,53,71,63,90,45,102,83,82,56,126,89,190,61,134,95,169,78,74,49,115,66,175,40,38,55,85,158,72,136,64,107,163,74,122,84,89,46,83,51,101,53,23,77,10,62
25,MRMR-0080-829K,MRMR-0080-829K_1,MRMR-0080-829K_1-M1-1,M,M1,H7YMLAFXX,L004,173,8,45,83,31,73,61,44,18,56,39,50,46,27,52,26,37,23,33,110,30,65,45,36,91,41,84,34,51,24,32,39,77,37,52,43,58,44,33,45,46,32,60,46,117,35,78,41,65,22,29,28,75,20,87,18,17,36,40,81,36,91,42,39,68,61,78,36,42,23,36,31,63,39,19,41,12,53
26,MRMR-0080-829K,MRMR-0080-829K_1,MRMR-0080-829K_1-M1-1,M,M1,H7YMLAFXX,L003,199,5,41,67,50,70,59,47,10,67,47,55,23,34,59,35,42,28,46,99,44,55,52,39,104,45,86,28,75,15,39,42,76,41,44,63,47,46,44,62,50,19,87,67,124,43,93,72,67,38,54,33,90,38,109,21,39,15,54,83,35,79,31,50,88,44,66,36,58,22,66,37,72,32,11,32,8,48
27,MRMR-0080-829K,MRMR-0080-829K_1,MRMR-0080-829K_1-M1-1,M,M1,H7YMLAFXX,L002,140,5,39,56,47,65,77,44,16,59,41,40,49,12,53,21,37,26,41,108,52,59,51,34,125,38,98,28,48,26,30,36,74,30,55,40,39,34,29,44,32,25,59,40,118,44,68,53,72,45,53,35,78,38,91,15,24,26,41,91,23,75,28,33,113,64,87,51,30,18,48,39,77,15,12,30,5,40
28,MRMR-0080-829K,MRMR-0080-829K_1,MRMR-0080-829K_1-M1-1,M,M1,H7YMLAFXX,L001,154,6,46,84,51,62,69,38,18,49,44,35,31,25,70,24,34,17,29,115,71,55,40,35,105,41,65,30,62,30,43,37,68,35,39,45,46,31,24,57,38,28,67,58,110,37,80,40,70,36,23,26,72,21,72,24,24,33,41,87,28,77,28,62,70,46,95,53,41,14,34,38,50,22,14,59,12,34
29,FRMR-00NC-7632,FRMR-00NC-7632_1,FRMR-00NC-7632_1-M1-1,F,M1,H7VJGAFXX,L001,449,18,112,181,78,169,130,111,43,148,101,82,60,66,159,66,93,45,91,238,104,154,92,79,252,107,211,75,201,64,89,123,182,69,106,94,120,107,79,99,93,87,150,112,258,92,213,131,203,81,109,60,177,88,188,67,69,66,108,198,82,132,74,109,233,119,176,105,149,54,83,64,162,46,40,100,11,117
30,FRMR-00NC-7632,FRMR-00NC-7632_1,FRMR-00NC-7632_1-M1-1,F,M1,H7VJGAFXX,L002,414,8,96,175,93,137,136,102,21,147,83,66,59,62,143,74,77,36,72,250,105,163,88,67,247,97,167,62,135,44,91,109,138,74,78,95,141,86,94,126,94,67,128,117,287,83,166,119,175,83,100,81,151,68,162,65,50,69,108,197,76,144,69,113,209,115,166,94,105,36,97,57,124,52,40,92,16,83
31,FRMR-00NC-7632,FRMR-00NC-7632_1,FRMR-00NC-7632_1-M1-1,F,M1,H7VJGAFXX,L003,422,7,82,184,87,144,143,104,29,141,105,84,57,55,156,70,109,34,59,270,98,150,89,59,216,98,180,58,128,40,83,111,181,74,107,101,151,78,106,108,98,72,171,109,307,82,206,96,175,84,75,71,217,61,184,75,80,90,118,185,82,127,75,115,189,110,188,91,89,38,90,55,131,42,38,95,17,94
32,FRMR-00NC-7632,FRMR-00NC-7632_1,FRMR-00NC-7632_1-M1-1,F,M1,H7VJGAFXX,L004,496,19,91,206,67,135,130,89,24,138,108,90,85,71,160,71,104,49,94,273,114,144,85,66,258,113,192,79,147,49,73,94,176,79,99,107,115,78,87,119,94,71,150,110,277,78,211,98,147,89,103,80,190,117,190,56,76,95,159,182,58,122,85,97,209,118,177,116,111,51,128,53,158,57,31,103,16,96
33,MRMR-0040-6444,MRMR-0040-6444_1,MRMR-0040-6444_1-M1-1,M,M1,H7YMLAFXX,L004,187,4,56,84,61,72,57,60,18,87,45,46,38,27,86,36,57,23,45,141,60,56,70,41,146,45,69,56,74,16,43,50,113,54,57,45,57,34,41,49,52,44,49,56,91,38,100,61,94,37,38,48,74,53,96,34,44,28,55,95,28,60,31,45,91,72,68,43,66,30,51,42,95,21,18,55,8,44
34,MRMR-0040-6444,MRMR-0040-6444_1,MRMR-0040-6444_1-M1-1,M,M1,H7YMLAFXX,L003,233,11,49,74,55,81,73,47,14,69,47,48,40,37,88,29,43,25,51,155,71,54,48,46,158,45,110,60,77,23,51,38,88,46,62,67,54,28,55,59,60,33,55,62,123,48,105,56,101,31,44,41,101,44,80,28,35,45,55,95,37,77,29,62,87,66,88,42,50,31,58,45,99,23,22,44,10,30
35,MRMR-0040-6444,MRMR-0040-6444_1,MRMR-0040-6444_1-M1-1,M,M1,H7YMLAFXX,L002,179,11,39,79,50,55,68,63,18,77,52,42,22,36,82,38,39,29,45,134,51,82,49,31,127,41,103,41,94,40,36,38,94,29,58,55,42,50,40,64,42,50,54,52,105,65,103,67,84,42,57,39,79,38,75,39,24,36,47,85,34,64,25,55,88,42,71,43,43,13,55,34,76,13,19,44,10,39
36,MRMR-0040-6444,MRMR-0040-6444_1,MRMR-0040-6444_1-M1-1,M,M1,H7YMLAFXX,L001,205,5,54,65,69,77,81,39,12,62,35,39,48,23,69,46,40,16,49,144,46,59,54,45,126,63,85,53,58,33,39,39,90,52,56,54,68,37,57,62,41,32,78,58,100,39,134,58,93,38,61,39,74,53,92,45,31,38,52,109,28,79,28,47,111,50,80,48,76,18,66,44,55,24,19,64,10,46
37,FRMR-00GC-803L,FRMR-00GC-803L_1,FRMR-00GC-803L_1-M1-1,F,M1,H7VJGAFXX,L001,649,20,142,260,128,228,150,148,47,206,130,107,117,70,235,62,119,55,116,337,162,203,153,122,345,122,268,92,160,53,109,124,235,100,135,147,161,94,121,151,139,116,182,179,364,96,297,147,276,127,124,58,260,89,262,74,79,113,175,218,89,206,104,160,226,140,215,124,156,58,164,84,180,72,64,119,11,141
38,FRMR-00GC-803L,FRMR-00GC-803L_1,FRMR-00GC-803L_1-M1-1,F,M1,H7VJGAFXX,L002,493,26,125,199,123,164,182,149,35,188,100,102,84,53,190,83,95,42,75,368,138,175,129,117,296,96,268,90,214,95,114,119,242,71,136,152,144,127,116,151,129,107,158,175,325,101,298,139,223,86,84,63,238,118,222,74,75,108,144,193,81,176,90,148,219,153,216,103,126,59,158,76,166,59,71,102,21,132
39,FRMR-00GC-803L,FRMR-00GC-803L_1,FRMR-00GC-803L_1-M1-1,F,M1,H7VJGAFXX,L003,545,11,136,242,90,161,191,138,42,169,111,104,96,82,171,86,102,58,119,329,135,167,143,125,312,122,246,87,175,72,100,117,242,104,101,125,126,117,110,133,91,85,172,175,278,120,275,134,245,100,97,87,216,81,262,62,75,86,138,225,81,182,117,117,257,160,236,103,143,65,164,84,167,60,44,130,19,124
40,FRMR-00GC-803L,FRMR-00GC-803L_1,FRMR-00GC-803L_1-M1-1,F,M1,H7VJGAFXX,L004,552,29,127,210,143,144,171,116,32,191,104,124,106,71,201,86,109,49,127,319,131,232,126,112,285,107,245,95,183,66,121,128,217,97,171,117,125,108,138,158,115,105,181,156,295,99,282,150,270,107,102,89,202,87,229,88,80,78,147,227,89,159,100,136,255,142,241,105,124,67,158,75,214,64,55,124,28,128
41,FRMR-00SA-876L,FRMR-00SA-876L_1,FRMR-00SA-876L_1-M1-1,F,M1,H7YMLAFXX,L001,387,8,90,175,93,138,150,112,37,130,84,76,88,70,203,66,108,37,82,280,127,124,127,82,223,106,142,87,140,55,86,68,175,73,93,97,123,89,105,117,81,75,134,99,205,66,200,112,221,62,89,57,173,44,192,70,57,81,102,159,85,148,92,119,187,103,150,111,131,53,134,60,171,45,47,121,16,94
42,FRMR-00SA-876L,FRMR-00SA-876L_1,FRMR-00SA-876L_1-M1-1,F,M1,H7YMLAFXX,L003,382,22,112,190,117,189,167,103,43,139,115,108,102,81,176,51,94,62,97,328,120,160,108,110,283,105,177,99,140,47,91,93,221,71,112,114,122,81,122,110,109,66,165,93,261,89,216,125,206,80,93,75,202,82,228,73,69,91,120,194,74,139,56,100,212,134,152,99,144,52,144,83,162,37,43,116,22,119
43,FRMR-00SA-876L,FRMR-00SA-876L_1,FRMR-00SA-876L_1-M1-1,F,M1,H7YMLAFXX,L002,396,13,97,172,101,153,138,136,31,115,124,103,75,52,190,68,88,35,99,261,138,133,104,86,283,95,200,78,126,63,76,93,192,63,107,107,88,80,90,98,98,108,161,110,252,54,209,101,179,73,84,79,170,61,243,50,60,66,125,205,69,152,80,107,194,97,136,92,145,63,126,71,116,48,34,106,18,91
44,FRMR-00SA-876L,FRMR-00SA-876L_1,FRMR-00SA-876L_1-M1-1,F,M1,H7YMLAFXX,L004,366,16,110,155,93,158,151,95,40,163,119,97,97,79,156,69,101,55,90,304,111,157,112,89,225,104,135,95,147,60,85,76,205,91,108,93,100,79,109,97,121,69,203,123,207,75,220,132,210,65,104,75,174,92,241,70,56,54,112,199,53,157,75,114,164,95,159,90,135,58,126,67,140,50,54,77,14,113
45,FRMR-00MS-704S,FRMR-00MS-704S_1,FRMR-00MS-704S_1-M1-1,F,M1,H7VJGAFXX,L001,459,19,116,207,102,174,156,107,33,172,93,91,91,71,172,74,94,35,123,313,133,145,81,90,284,101,211,62,160,61,96,93,191,84,81,102,76,83,136,118,89,68,169,134,276,97,238,133,223,69,74,69,240,83,215,72,77,75,119,205,66,149,80,133,198,120,201,107,127,60,137,72,175,47,54,93,16,112
46,FRMR-00MS-704S,FRMR-00MS-704S_1,FRMR-00MS-704S_1-M1-1,F,M1,H7VJGAFXX,L003,404,13,85,199,98,153,155,120,32,158,86,83,98,68,140,70,96,48,91,276,119,158,112,90,263,98,180,91,154,41,77,93,186,76,108,93,104,86,90,100,91,59,114,97,285,84,194,150,229,81,97,73,174,67,188,65,67,72,119,189,65,161,71,137,140,119,156,76,104,57,136,53,122,30,36,103,13,94
47,FRMR-00MS-704S,FRMR-00MS-704S_1,FRMR-00MS-704S_1-M1-1,F,M1,H7VJGAFXX,L002,446,8,82,198,95,175,123,106,25,116,92,88,86,63,152,71,94,54,87,261,109,152,91,73,211,81,213,77,131,61,110,93,198,60,90,115,130,65,106,117,113,64,99,128,267,102,206,113,231,75,77,81,179,82,192,44,59,75,133,202,79,136,60,96,169,110,187,110,107,42,114,52,149,59,41,106,20,91
48,FRMR-00MS-704S,FRMR-00MS-704S_1,FRMR-00MS-704S_1-M1-1,F,M1,H7VJGAFXX,L004,454,23,127,174,102,205,161,93,34,145,109,100,84,59,190,72,100,57,91,300,111,171,103,80,260,98,208,84,157,57,83,122,180,83,119,76,102,78,75,110,84,50,165,111,287,83,239,103,219,78,78,69,185,100,209,72,71,88,133,156,64,173,62,112,205,128,213,81,111,54,98,71,171,35,37,100,20,107
49,FRMR-00KK-6426,FRMR-00KK-6426_1,FRMR-00KK-6426_1-M1-1,F,M1,H7YMLAFXX,L004,278,14,72,100,60,101,105,70,22,84,77,66,37,31,137,44,47,45,70,179,84,101,76,48,189,48,112,52,91,32,76,67,126,64,75,74,88,54,65,74,51,39,124,67,155,60,99,74,100,57,60,51,136,53,144,45,52,62,66,129,56,103,58,82,118,61,102,59,47,38,60,60,101,39,28,81,8,62
50,FRMR-00KK-6426,FRMR-00KK-6426_1,FRMR-00KK-6426_1-M1-1,F,M1,H7YMLAFXX,L001,235,5,68,119,55,115,109,75,25,78,81,63,43,37,132,48,66,33,77,184,71,78,64,77,172,44,139,52,79,50,72,56,111,54,62,62,69,55,72,62,67,32,93,70,163,37,132,72,154,58,52,39,150,41,158,38,60,48,67,161,60,95,32,87,110,67,136,58,73,30,67,55,106,30,37,60,12,79
51,FRMR-00KK-6426,FRMR-00KK-6426_1,FRMR-00KK-6426_1-M1-1,F,M1,H7YMLAFXX,L002,301,6,80,102,71,89,91,70,22,82,60,69,55,38,115,33,71,37,57,199,63,86,58,48,192,62,128,59,95,37,54,41,151,53,59,79,83,39,69,49,52,37,77,75,179,41,144,55,131,50,55,52,128,44,121,57,43,61,68,122,53,78,47,107,131,68,87,54,70,32,61,66,124,31,14,47,8,59
52,FRMR-00KK-6426,FRMR-00KK-6426_1,FRMR-00KK-6426_1-M1-1,F,M1,H7YMLAFXX,L003,265,10,87,94,59,110,107,59,21,88,79,69,63,34,123,64,72,24,70,216,88,89,83,79,158,40,144,69,132,36,61,57,164,73,87,71,91,58,64,62,58,44,101,85,153,57,125,62,107,46,70,38,134,53,126,51,54,60,102,131,55,96,50,71,104,75,122,57,80,34,55,39,87,35,30,72,13,85
53,MRMR-0080-518T,MRMR-0080-518T_1,MRMR-0080-518T_1-M1-1,M,M1,HCMNKAFXX,L001,241,4,45,93,55,74,74,67,22,84,49,58,35,38,100,45,46,19,38,139,67,53,59,57,137,54,114,55,79,44,50,53,79,32,43,44,50,55,49,55,44,27,61,71,111,36,108,56,113,56,64,46,103,31,103,35,42,31,73,84,33,77,29,57,100,46,80,62,50,26,54,34,72,16,13,45,7,56
54,MRMR-0080-518T,MRMR-0080-518T_1,MRMR-0080-518T_1-M1-1,M,M1,HCMNKAFXX,L003,213,16,47,92,58,67,65,49,6,57,39,37,32,34,84,25,39,36,41,132,50,88,55,41,130,35,74,43,72,20,45,46,114,50,44,35,30,50,55,47,44,36,60,54,120,30,91,43,78,37,32,28,95,23,101,23,39,25,48,71,36,64,21,58,101,47,99,46,46,19,55,30,65,25,28,53,5,62
55,MRMR-0080-518T,MRMR-0080-518T_1,MRMR-0080-518T_1-M1-1,M,M1,HCMNKAFXX,L002,235,6,49,95,49,71,68,68,19,63,41,45,48,17,71,38,51,22,44,140,54,67,50,52,147,45,83,45,68,33,60,39,90,33,34,26,41,30,37,54,44,34,92,67,130,30,110,45,72,50,43,35,88,41,97,14,35,23,44,95,41,77,30,65,66,53,78,47,52,28,67,37,88,24,19,48,5,45
56,MRMR-0080-518T,MRMR-0080-518T_1,MRMR-0080-518T_1-M1-1,M,M1,HCMNKAFXX,L004,210,9,43,81,72,66,84,70,16,62,57,43,32,27,83,30,27,20,47,138,60,69,70,55,117,49,122,37,65,19,56,43,58,38,68,49,47,60,51,62,40,34,75,54,122,31,107,39,89,38,55,22,104,40,106,36,24,32,52,101,26,55,33,80,70,64,62,28,43,23,59,43,49,20,19,58,1,60
57,FRMR-00TS-8464,FRMR-00TS-8464_1,FRMR-00TS-8464_1-M1-1,F,M1,H7VJGAFXX,L001,425,16,115,193,113,153,159,125,28,151,107,90,75,72,198,64,88,41,78,309,128,139,102,106,293,88,288,90,143,70,102,83,179,77,109,95,114,72,116,118,104,77,162,112,255,68,257,105,227,114,103,65,197,68,192,65,62,71,129,195,69,139,72,127,218,127,158,96,139,68,142,79,145,61,42,104,12,106
58,FRMR-00TS-8464,FRMR-00TS-8464_1,FRMR-00TS-8464_1-M1-1,F,M1,H7VJGAFXX,L002,363,16,89,185,108,129,152,117,27,142,113,73,74,83,146,41,69,40,72,245,120,98,114,80,227,109,196,62,110,56,99,62,169,77,111,84,111,44,87,92,98,62,128,95,234,72,227,96,207,94,78,74,171,69,182,49,65,58,110,168,65,165,58,116,162,75,176,60,97,55,123,86,130,55,43,88,12,110
59,FRMR-00TS-8464,FRMR-00TS-8464_1,FRMR-00TS-8464_1-M1-1,F,M1,H7VJGAFXX,L003,395,13,108,167,92,151,184,121,21,122,88,81,73,73,162,54,81,40,96,264,108,145,117,81,242,101,178,78,144,52,67,83,144,84,94,100,113,85,113,107,106,61,146,98,255,78,223,111,162,75,86,46,181,58,175,55,53,78,121,151,58,125,54,117,139,92,162,59,126,48,117,72,106,51,35,83,13,81
60,FRMR-00TS-8464,FRMR-00TS-8464_1,FRMR-00TS-8464_1-M1-1,F,M1,H7VJGAFXX,L004,398,15,115,188,76,120,212,119,44,156,116,97,72,65,175,52,91,34,100,267,141,140,92,70,285,116,177,77,133,71,61,74,184,65,101,80,88,85,123,153,111,77,165,106,259,75,212,79,214,90,90,67,205,77,226,62,55,54,121,183,90,136,69,110,163,101,145,82,126,63,162,70,182,48,37,106,23,106
61,FRMR-00JM-865U,FRMR-00JM-865U_1,FRMR-00JM-865U_1-M1-1,F,M1,H7VJGAFXX,L004,480,15,105,206,115,140,175,116,33,167,115,99,84,78,195,79,75,42,101,314,145,173,99,90,230,89,206,90,178,79,74,103,195,67,107,132,120,71,99,100,84,89,167,142,276,81,265,124,215,90,90,72,210,67,223,82,60,95,123,188,69,140,94,146,229,124,200,65,125,69,149,67,148,63,48,109,12,124
62,FRMR-00JM-865U,FRMR-00JM-865U_1,FRMR-00JM-865U_1-M1-1,F,M1,H7VJGAFXX,L002,452,18,109,168,91,134,176,111,28,150,108,92,74,59,186,76,81,60,80,303,131,168,119,115,254,92,201,80,176,78,106,114,192,54,105,116,103,112,98,107,91,89,137,131,253,88,228,106,196,89,103,60,200,70,203,57,86,77,130,180,68,145,71,142,206,92,200,103,132,59,109,61,140,49,48,100,21,126
63,FRMR-00JM-865U,FRMR-00JM-865U_1,FRMR-00JM-865U_1-M1-1,F,M1,H7VJGAFXX,L003,495,21,128,222,128,132,148,99,34,163,123,118,69,57,196,76,84,47,92,295,134,138,117,83,292,88,204,74,176,80,84,94,184,88,115,114,125,82,122,102,100,82,161,149,307,82,242,102,198,89,103,62,218,84,192,68,75,93,159,231,84,160,71,139,192,104,185,89,116,77,133,74,143,69,36,85,15,115
64,FRMR-00JM-865U,FRMR-00JM-865U_1,FRMR-00JM-865U_1-M1-1,F,M1,H7VJGAFXX,L001,499,15,102,232,112,175,171,139,28,173,111,105,72,51,222,85,74,45,96,324,109,172,115,109,304,87,194,89,176,57,103,97,252,66,133,115,115,83,106,129,114,70,141,116,288,116,268,141,185,61,106,76,185,79,241,61,64,78,128,202,76,172,70,138,193,109,161,87,130,53,172,96,152,65,49,129,19,130
65,MRMR-0052-1169,MRMR-0052-1169_1,MRMR-0052-1169_1-M1-1,M,M1,HCMNKAFXX,L004,344,8,76,89,72,84,108,52,11,70,45,51,37,28,112,26,51,23,54,152,86,77,67,53,151,47,107,64,70,50,46,77,74,64,47,58,49,42,55,58,58,42,93,65,153,49,113,70,118,44,53,47,88,34,104,35,53,47,63,121,64,87,27,80,126,56,127,49,63,43,49,51,76,41,24,53,14,59
66,MRMR-0052-1169,MRMR-0052-1169_1,MRMR-0052-1169_1-M1-1,M,M1,HCMNKAFXX,L001,355,13,66,132,71,92,99,55,31,94,65,63,50,31,113,42,37,35,50,172,65,93,50,62,170,56,114,66,85,53,59,89,110,46,67,59,56,44,53,90,57,51,76,78,165,39,98,90,147,38,72,44,134,48,109,36,46,56,75,115,52,99,42,82,104,77,122,45,66,30,111,38,96,41,29,65,12,73
67,MRMR-0052-1169,MRMR-0052-1169_1,MRMR-0052-1169_1-M1-1,M,M1,HCMNKAFXX,L003,282,10,68,105,78,89,80,57,23,69,66,37,34,32,93,42,50,40,61,137,60,89,69,46,169,44,79,40,54,37,43,66,87,44,56,44,65,52,62,49,57,37,71,60,138,50,109,62,117,46,64,30,76,49,110,35,40,46,55,113,44,111,34,73,111,55,96,52,47,23,79,36,62,32,25,65,7,59
68,MRMR-0052-1169,MRMR-0052-1169_1,MRMR-0052-1169_1-M1-1,M,M1,HCMNKAFXX,L002,307,10,66,99,41,71,79,56,20,88,45,51,61,46,81,42,41,39,50,135,49,97,60,47,151,44,111,46,77,32,63,63,88,51,58,55,56,49,63,62,44,40,111,69,150,50,94,66,147,51,60,35,74,47,86,49,28,32,78,119,42,100,28,90,133,51,120,49,37,28,78,56,91,28,25,57,17,81
69,MRMR-0070-091B,MRMR-0070-091B_1,MRMR-0070-091B_1-M1-1,M,M1,H7YMLAFXX,L004,170,3,31,49,22,56,68,38,10,40,33,31,39,16,51,22,20,24,39,107,47,56,28,27,107,34,81,36,70,22,37,37,77,34,48,61,61,38,32,65,42,34,54,43,88,34,106,42,59,27,37,41,62,42,74,20,28,25,49,85,34,59,24,42,86,61,74,38,50,12,36,31,56,32,23,42,11,24
70,MRMR-0070-091B,MRMR-0070-091B_1,MRMR-0070-091B_1-M1-1,M,M1,H7YMLAFXX,L002,168,7,29,44,34,54,67,41,14,66,49,45,42,20,38,20,29,17,53,93,51,58,44,45,87,26,91,40,49,29,32,33,62,26,63,58,45,31,37,63,39,34,47,62,98,49,84,44,72,29,30,46,62,36,110,20,30,37,42,68,33,41,25,60,69,62,61,22,50,18,43,41,72,27,18,38,8,29
71,MRMR-0070-091B,MRMR-0070-091B_1,MRMR-0070-091B_1-M1-1,M,M1,H7YMLAFXX,L003,196,9,34,52,37,62,59,39,10,50,44,41,22,12,45,19,43,15,46,107,44,61,41,37,89,46,72,37,67,25,37,49,73,33,67,48,57,35,47,63,65,33,39,60,116,33,103,37,59,34,46,32,51,29,66,22,29,29,54,90,31,66,17,33,57,39,46,49,45,21,58,31,59,28,23,39,5,27
72,MRMR-0070-091B,MRMR-0070-091B_1,MRMR-0070-091B_1-M1-1,M,M1,H7YMLAFXX,L001,154,2,30,57,48,54,59,36,12,47,36,32,47,21,37,32,27,23,32,92,51,43,44,39,76,30,65,35,50,31,44,30,74,32,37,45,56,24,30,50,40,36,37,57,114,60,97,40,55,29,27,43,65,23,70,34,21,37,67,74,30,58,28,38,70,34,66,24,39,16,41,17,45,24,11,40,12,31
73,FRMR-00SB-851W,FRMR-00SB-851W_1,FRMR-00SB-851W_1-M1-1,F,M1,H7YMLAFXX,L001,423,18,103,155,71,162,147,104,44,124,104,70,65,53,147,67,81,42,84,279,110,149,99,100,254,103,154,84,141,53,97,84,214,54,117,103,105,43,135,111,84,67,137,110,254,100,167,132,208,68,98,74,184,62,177,60,66,61,113,150,64,145,86,126,186,118,139,93,111,32,105,74,166,45,40,103,12,73
74,FRMR-00SB-851W,FRMR-00SB-851W_1,FRMR-00SB-851W_1-M1-1,F,M1,H7YMLAFXX,L002,381,15,98,146,100,183,164,92,50,148,121,95,87,65,144,79,86,57,83,272,106,141,123,80,256,110,178,89,125,61,82,78,221,72,119,125,89,70,116,90,131,67,125,138,279,109,202,117,181,95,91,81,170,70,198,70,52,73,114,192,71,147,79,95,192,92,155,99,110,62,122,78,150,55,31,105,24,91
75,FRMR-00SB-851W,FRMR-00SB-851W_1,FRMR-00SB-851W_1-M1-1,F,M1,H7YMLAFXX,L003,394,24,113,161,99,144,146,101,46,139,129,82,106,49,154,62,101,48,90,313,116,145,124,98,292,86,192,73,135,53,74,77,186,74,89,122,135,89,98,104,91,62,172,109,294,110,208,129,222,99,117,49,220,72,209,66,78,92,123,226,102,152,80,124,220,86,130,90,110,42,131,60,166,70,42,112,11,97
76,FRMR-00SB-851W,FRMR-00SB-851W_1,FRMR-00SB-851W_1-M1-1,F,M1,H7YMLAFXX,L004,380,12,118,164,104,164,157,117,43,167,99,78,72,57,142,52,87,54,118,244,86,167,108,88,280,102,133,64,137,52,90,91,228,76,131,113,143,74,109,116,92,72,138,112,247,77,195,120,216,73,76,63,169,87,186,62,74,87,138,205,72,197,66,96,206,89,128,106,110,54,94,85,158,55,28,106,11,93
77,MRMR-0060-231F,MRMR-0060-231F_1,MRMR-0060-231F_1-M1-1,M,M1,H7VJGAFXX,L004,217,6,41,93,53,71,70,48,15,60,38,47,38,26,58,30,49,26,55,121,44,82,55,53,116,46,106,55,82,39,24,65,83,34,48,51,70,38,64,68,48,45,78,78,164,56,111,66,110,44,48,27,92,42,111,38,39,52,55,87,39,73,52,74,103,51,109,33,62,13,48,39,79,30,12,51,12,47
78,MRMR-0060-231F,MRMR-0060-231F_1,MRMR-0060-231F_1-M1-1,M,M1,H7VJGAFXX,L001,233,7,51,74,54,82,67,61,19,59,44,61,70,34,78,29,59,21,57,123,67,75,50,64,152,56,128,33,67,32,31,47,80,66,49,63,64,30,44,66,45,39,70,71,164,61,133,63,129,55,66,46,93,48,95,31,42,40,57,89,37,93,33,48,91,78,77,57,63,29,70,45,73,25,15,68,11,57
79,MRMR-0060-231F,MRMR-0060-231F_1,MRMR-0060-231F_1-M1-1,M,M1,H7VJGAFXX,L002,223,7,64,89,46,66,62,51,20,55,41,43,37,33,71,31,52,29,57,141,44,71,59,62,101,65,103,37,70,31,27,39,77,40,50,78,71,33,38,67,43,30,68,68,126,52,116,54,91,38,44,34,88,47,98,40,33,42,46,105,48,84,36,47,103,54,63,38,57,19,47,34,72,33,13,55,8,42
80,MRMR-0060-231F,MRMR-0060-231F_1,MRMR-0060-231F_1-M1-1,M,M1,H7VJGAFXX,L003,231,8,60,69,47,75,97,64,17,50,57,37,35,33,81,40,37,38,58,135,64,84,49,53,117,41,74,39,94,32,60,52,82,55,37,64,64,38,50,70,32,51,67,77,134,41,85,73,107,49,61,36,91,45,89,25,39,24,45,94,32,74,46,83,76,71,68,54,55,19,55,33,64,36,27,62,10,49
81,MRMR-0081-680Z,MRMR-0081-680Z_1,MRMR-0081-680Z_1-M1-1,M,M1,H7VJGAFXX,L004,246,6,47,77,32,69,76,40,9,84,47,46,34,28,64,23,41,32,53,118,73,59,51,47,114,40,73,49,69,26,33,43,81,50,62,51,67,43,53,41,37,48,74,69,133,41,139,52,93,53,37,47,86,54,122,23,30,22,56,82,47,76,39,59,104,52,72,38,38,25,71,26,68,18,28,65,20,39
82,MRMR-0081-680Z,MRMR-0081-680Z_1,MRMR-0081-680Z_1-M1-1,M,M1,H7VJGAFXX,L001,208,12,63,81,30,88,67,58,13,76,64,48,26,29,72,40,48,24,63,153,69,105,52,44,105,66,128,41,76,40,48,56,85,32,54,54,74,37,45,59,48,36,56,51,152,37,108,77,91,35,39,32,78,49,89,31,41,30,39,97,29,107,37,70,98,58,98,30,44,23,45,26,73,27,30,33,7,56
83,MRMR-0081-680Z,MRMR-0081-680Z_1,MRMR-0081-680Z_1-M1-1,M,M1,H7VJGAFXX,L003,170,16,55,88,52,79,54,47,16,58,51,54,39,31,67,46,46,24,45,107,65,68,56,56,134,38,108,36,73,32,39,53,77,34,46,59,68,37,37,34,64,25,71,76,127,30,94,67,92,23,59,39,80,47,88,42,29,37,54,95,34,63,47,57,97,47,101,37,51,17,61,32,83,18,18,49,9,58
84,MRMR-0081-680Z,MRMR-0081-680Z_1,MRMR-0081-680Z_1-M1-1,M,M1,H7VJGAFXX,L002,211,4,44,94,48,65,65,65,11,74,56,42,35,34,86,25,27,22,44,143,68,84,72,43,103,35,68,31,80,36,36,39,106,45,58,27,45,34,53,57,57,31,54,87,149,40,104,57,65,25,44,32,112,46,101,26,24,34,32,110,38,71,28,62,78,53,82,48,51,25,34,38,63,15,18,62,19,69
85,MRMR-0076-691T,MRMR-0076-691T_1,MRMR-0076-691T_1-M1-1,M,M1,H7YMLAFXX,L001,165,9,51,71,49,68,77,52,15,80,35,35,27,33,64,28,27,16,31,109,58,59,40,29,123,37,83,45,68,31,32,47,94,43,41,56,45,35,48,51,32,33,73,58,97,30,75,39,74,28,55,36,88,28,92,21,42,35,42,74,41,54,26,41,91,68,55,39,25,24,47,49,85,14,11,40,7,33
86,MRMR-0076-691T,MRMR-0076-691T_1,MRMR-0076-691T_1-M1-1,M,M1,H7YMLAFXX,L002,172,8,39,73,33,76,73,59,6,65,47,36,37,18,78,33,42,34,47,126,57,53,48,28,113,33,87,40,65,26,47,32,95,37,35,46,44,48,33,55,48,37,63,44,131,46,89,62,81,27,45,36,65,29,73,41,23,33,57,77,53,63,41,61,90,52,75,47,53,21,67,25,73,17,25,55,6,42
87,MRMR-0076-691T,MRMR-0076-691T_1,MRMR-0076-691T_1-M1-1,M,M1,H7YMLAFXX,L003,171,12,52,65,46,75,66,61,15,71,42,37,52,26,107,26,57,21,47,139,65,77,48,47,123,48,96,33,72,28,47,44,80,26,42,46,52,25,53,65,35,28,66,55,119,29,113,48,77,45,60,22,82,42,100,26,43,33,53,117,35,46,50,54,102,58,89,50,61,22,50,34,67,16,24,62,13,51
88,MRMR-0076-691T,MRMR-0076-691T_1,MRMR-0076-691T_1-M1-1,M,M1,H7YMLAFXX,L004,196,3,52,75,57,67,73,61,14,77,43,27,47,28,66,22,38,25,45,124,60,44,50,23,127,33,96,30,64,22,46,30,99,38,51,52,44,39,56,54,34,16,95,54,117,46,91,52,59,20,41,27,87,29,71,30,17,36,70,83,51,59,37,49,80,48,65,45,41,16,57,45,75,20,22,49,5,41
89,MRMR-0067-098S,MRMR-0067-098S_1,MRMR-0067-098S_1-M1-1,M,M1,H7YMLAFXX,L004,170,4,27,60,38,27,60,44,19,25,36,33,28,22,55,26,26,16,33,119,36,44,31,49,85,29,62,29,65,30,31,31,59,21,47,33,67,27,33,35,41,33,37,45,84,40,77,41,64,26,47,51,43,23,53,23,19,28,43,45,30,61,21,65,64,33,52,42,43,19,32,25,57,19,18,28,7,33
90,MRMR-0067-098S,MRMR-0067-098S_1,MRMR-0067-098S_1-M1-1,M,M1,H7YMLAFXX,L001,121,7,28,57,25,47,51,49,10,30,28,18,32,13,50,21,26,11,34,88,46,58,49,25,73,38,65,36,40,23,27,31,78,29,39,39,50,29,32,51,22,25,48,44,81,22,70,38,67,25,30,26,65,32,48,22,19,32,56,61,30,42,22,43,82,35,51,27,39,16,57,25,48,21,10,39,6,59
91,MRMR-0067-098S,MRMR-0067-098S_1,MRMR-0067-098S_1-M1-1,M,M1,H7YMLAFXX,L002,142,3,38,59,46,49,64,41,10,44,29,25,34,24,49,22,26,15,33,101,47,59,37,44,97,26,84,23,44,16,34,35,66,14,39,38,53,23,26,29,42,27,46,34,107,30,98,36,66,36,50,11,61,29,84,24,24,27,25,73,24,66,16,50,55,60,75,39,44,10,42,19,42,25,8,31,8,31
92,MRMR-0067-098S,MRMR-0067-098S_1,MRMR-0067-098S_1-M1-1,M,M1,H7YMLAFXX,L003,161,7,39,52,47,55,48,41,18,51,62,37,26,26,39,20,37,10,37,100,36,61,50,42,113,31,62,41,72,19,30,34,64,37,44,55,59,37,40,48,33,30,41,45,86,39,71,44,49,40,43,35,73,24,71,24,24,16,56,73,29,66,25,38,67,53,60,51,41,23,49,30,48,16,15,56,10,27
93,MRMR-0047-446X,MRMR-0047-446X_1,MRMR-0047-446X_1-M1-1,M,M1,H7YMLAFXX,L002,176,7,49,70,35,67,66,52,20,87,47,46,38,33,65,47,49,22,51,130,57,73,40,46,133,54,114,69,74,32,60,80,75,32,71,46,62,43,44,41,63,38,78,61,114,39,99,56,95,36,44,39,86,39,76,36,47,55,64,106,39,92,27,54,121,74,73,47,58,17,51,35,84,26,18,61,7,40
94,MRMR-0047-446X,MRMR-0047-446X_1,MRMR-0047-446X_1-M1-1,M,M1,H7YMLAFXX,L003,199,8,59,90,40,84,71,67,12,75,60,77,40,43,83,31,54,21,48,129,39,77,66,37,136,62,90,49,67,36,54,74,102,55,49,51,58,44,55,48,39,46,64,65,147,66,107,70,75,57,44,31,98,34,96,37,39,45,60,128,41,79,31,50,112,60,63,77,68,16,63,34,101,33,16,63,8,56
95,MRMR-0047-446X,MRMR-0047-446X_1,MRMR-0047-446X_1-M1-1,M,M1,H7YMLAFXX,L001,187,9,60,78,40,78,63,70,24,59,63,37,42,38,61,46,51,28,41,153,35,61,65,46,124,49,90,45,71,24,50,68,112,45,50,65,68,32,38,51,44,40,74,66,142,42,85,57,93,34,56,28,123,45,85,38,29,43,57,91,46,76,35,65,87,47,65,48,62,20,63,34,93,24,15,51,12,45
96,MRMR-0047-446X,MRMR-0047-446X_1,MRMR-0047-446X_1-M1-1,M,M1,H7YMLAFXX,L004,214,8,43,76,54,84,73,51,19,84,63,32,42,33,93,27,44,30,44,143,52,69,69,55,123,52,98,39,79,33,48,58,108,38,58,44,60,25,54,56,62,35,79,73,141,35,102,55,82,48,44,37,86,39,106,31,25,26,45,117,50,78,24,62,98,71,81,52,45,28,52,28,92,30,16,54,7,62
97,FRMR-00ID-7962,FRMR-00ID-7962_1,FRMR-00ID-7962_1-M1-1,F,M1,H7VJGAFXX,L002,424,23,104,200,71,121,153,100,32,161,103,106,62,68,157,64,79,34,117,276,119,149,113,86,239,95,184,84,131,70,73,74,206,51,107,82,115,63,104,96,89,55,145,110,224,79,221,101,184,80,107,84,174,55,200,67,52,70,91,195,71,123,71,99,193,98,151,75,111,68,125,56,114,38,39,91,24,73
98,FRMR-00ID-7962,FRMR-00ID-7962_1,FRMR-00ID-7962_1-M1-1,F,M1,H7VJGAFXX,L003,486,8,103,204,112,132,132,117,43,151,73,82,81,62,173,59,75,53,94,286,95,133,105,76,277,85,185,78,123,54,57,77,193,71,123,73,106,68,111,90,100,68,143,131,256,85,181,120,164,80,80,59,164,76,170,51,55,87,113,173,83,154,58,120,176,87,126,77,105,59,112,78,167,65,39,102,15,90
99,FRMR-00ID-7962,FRMR-00ID-7962_1,FRMR-00ID-7962_1-M1-1,F,M1,H7VJGAFXX,L001,528,17,94,200,118,186,155,100,37,204,113,94,90,67,182,82,75,53,100,261,121,156,110,83,263,96,220,80,149,64,103,92,205,104,105,80,125,97,80,119,100,73,170,113,267,111,203,117,235,95,111,76,182,74,204,48,69,79,77,203,94,142,74,121,239,126,151,83,105,61,127,91,163,53,44,133,20,109
100,FRMR-00ID-7962,FRMR-00ID-7962_1,FRMR-00ID-7962_1-M1-1,F,M1,H7VJGAFXX,L004,414,19,102,198,107,171,144,136,41,191,137,90,81,59,179,79,84,60,98,288,111,156,109,77,221,120,201,98,163,78,76,110,167,58,120,93,137,70,83,99,114,57,162,126,259,86,201,135,170,87,97,61,169,62,212,59,66,70,121,220,76,141,69,125,205,83,202,88,110,64,136,75,138,47,33,99,15,114
101,FRMR-00MM-839J,FRMR-00MM-839J_1,FRMR-00MM-839J_1-M1-1,F,M1,H7VJGAFXX,L004,483,17,90,220,102,200,163,111,31,160,104,107,89,70,195,77,78,68,73,323,164,172,100,112,324,123,211,108,160,73,82,148,160,72,118,101,163,83,98,122,98,68,193,177,301,93,246,144,255,86,114,74,227,117,233,57,67,95,129,154,59,145,66,153,212,189,195,83,150,89,149,107,156,57,58,96,26,121
102,FRMR-00MM-839J,FRMR-00MM-839J_1,FRMR-00MM-839J_1-M1-1,F,M1,H7VJGAFXX,L003,524,22,128,198,114,218,170,138,22,199,131,79,73,56,156,71,80,47,107,286,144,169,123,92,270,120,223,101,152,80,94,106,187,51,129,114,140,71,97,143,95,58,151,124,294,89,267,99,239,73,113,58,191,103,180,61,77,81,147,204,76,140,76,160,167,162,195,85,120,81,153,86,161,43,43,111,20,97
103,FRMR-00MM-839J,FRMR-00MM-839J_1,FRMR-00MM-839J_1-M1-1,F,M1,H7VJGAFXX,L002,482,9,120,189,132,188,156,129,35,149,118,80,80,81,189,87,102,59,86,314,162,148,110,88,279,136,226,89,174,70,128,107,195,74,148,93,120,79,88,119,92,75,190,152,321,78,270,98,216,60,105,53,186,72,219,75,77,81,144,191,79,145,59,123,197,144,196,75,95,84,142,71,141,52,40,128,21,100
104,FRMR-00MM-839J,FRMR-00MM-839J_1,FRMR-00MM-839J_1-M1-1,F,M1,H7VJGAFXX,L001,523,13,110,213,112,192,169,111,33,147,112,93,82,76,220,73,104,48,111,349,146,196,102,109,324,115,219,93,171,70,77,122,170,63,108,111,182,94,124,171,104,72,154,165,323,85,250,103,221,80,152,71,203,108,222,75,59,94,142,198,91,173,88,103,216,124,187,100,130,90,163,94,202,60,48,127,15,121
105,FRMR-00BB-772T,FRMR-00BB-772T_1,FRMR-00BB-772T_1-M1-1,F,M1,H7YMLAFXX,L004,327,10,88,112,77,120,120,68,21,97,94,62,77,48,121,42,69,39,91,185,59,115,85,69,185,68,141,75,102,51,72,71,162,55,81,83,51,47,73,91,58,61,143,106,192,81,165,89,133,69,83,66,156,55,122,59,54,52,110,146,70,127,60,81,141,61,119,75,97,43,69,54,135,51,37,80,9,75
106,FRMR-00BB-772T,FRMR-00BB-772T_1,FRMR-00BB-772T_1-M1-1,F,M1,H7YMLAFXX,L001,293,8,69,97,68,113,124,98,22,107,73,85,57,58,126,69,67,37,95,233,78,136,104,48,176,51,115,78,112,64,73,58,119,62,76,90,85,69,82,86,57,53,120,101,180,62,133,76,189,77,85,56,132,56,145,60,47,52,100,138,63,115,51,83,161,95,133,81,89,18,72,52,114,32,25,63,15,80
107,FRMR-00BB-772T,FRMR-00BB-772T_1,FRMR-00BB-772T_1-M1-1,F,M1,H7YMLAFXX,L002,302,14,84,103,58,134,119,68,22,95,93,80,54,45,135,43,70,35,78,204,87,123,100,68,200,66,149,61,125,50,84,80,146,69,93,76,76,62,74,92,67,53,104,89,210,81,159,85,158,70,80,74,128,67,154,56,43,70,93,131,63,128,62,77,139,90,146,82,62,38,121,48,141,43,34,68,14,80
108,FRMR-00BB-772T,FRMR-00BB-772T_1,FRMR-00BB-772T_1-M1-1,F,M1,H7YMLAFXX,L003,327,20,82,115,82,118,120,81,17,114,84,70,44,44,143,68,66,45,79,214,60,142,95,78,227,39,149,95,94,35,76,85,162,79,100,86,82,69,72,77,70,55,116,111,189,62,179,79,166,76,88,55,173,83,187,48,67,53,84,160,59,104,60,69,156,99,111,61,117,44,74,58,108,44,45,99,15,73
109,FRMR-00JD-7770,FRMR-00JD-7770_1,FRMR-00JD-7770_1-M1-1,F,M1,H7VJGAFXX,L002,403,19,67,147,101,135,142,77,21,138,74,68,64,67,174,51,57,29,79,236,109,109,83,66,245,80,154,59,99,44,90,95,138,72,73,76,107,68,91,81,64,51,134,84,211,72,202,96,137,73,64,37,187,69,154,61,61,59,112,137,59,122,74,81,146,90,137,74,94,46,117,74,126,49,32,89,15,98
110,FRMR-00JD-7770,FRMR-00JD-7770_1,FRMR-00JD-7770_1-M1-1,F,M1,H7VJGAFXX,L003,369,22,97,165,81,124,145,105,30,116,104,95,87,51,168,48,74,26,87,249,98,114,59,62,251,80,185,79,112,52,76,66,137,47,88,75,101,38,81,66,89,64,120,89,196,62,215,81,150,76,69,46,167,68,183,67,72,63,98,159,41,110,56,90,154,95,176,51,80,38,96,70,97,48,37,77,30,102
111,FRMR-00JD-7770,FRMR-00JD-7770_1,FRMR-00JD-7770_1-M1-1,F,M1,H7VJGAFXX,L001,406,22,107,164,80,110,161,96,32,138,105,95,72,53,148,72,69,46,92,262,107,136,94,62,222,65,175,62,134,66,83,94,163,56,82,87,86,62,84,103,82,56,137,90,218,66,229,95,201,53,75,49,168,68,198,56,58,50,109,184,56,118,78,89,181,99,166,47,102,40,114,74,120,43,34,110,6,94
112,FRMR-00JD-7770,FRMR-00JD-7770_1,FRMR-00JD-7770_1-M1-1,F,M1,H7VJGAFXX,L004,361,19,90,154,92,110,133,102,31,140,94,66,67,54,127,53,64,50,84,253,114,127,77,81,205,76,165,55,109,56,77,52,157,79,108,93,111,70,82,100,76,55,128,88,224,60,176,77,148,53,72,47,153,77,193,46,49,61,96,164,66,134,71,90,172,101,150,65,100,36,100,58,126,54,23,94,14,65
113,FRMR-0070-444H,FRMR-0070-444H_1,FRMR-0070-444H_1-M1-1,F,M1,H7YMLAFXX,L003,444,30,116,184,97,171,146,125,31,179,114,81,67,64,142,76,97,52,101,273,109,148,110,93,280,115,198,103,138,70,94,99,231,65,113,89,129,75,91,125,107,87,175,136,257,86,181,114,197,114,109,58,224,69,211,69,69,99,138,202,99,166,91,119,211,114,154,109,114,67,112,79,155,48,35,77,19,91
114,FRMR-0070-444H,FRMR-0070-444H_1,FRMR-0070-444H_1-M1-1,F,M1,H7YMLAFXX,L002,357,12,97,136,88,190,151,110,43,120,129,79,85,62,181,65,92,55,110,243,107,135,92,70,256,106,173,68,139,49,76,72,182,83,124,126,72,83,93,137,119,67,136,145,255,73,193,121,199,112,107,72,196,79,221,61,70,68,110,189,75,114,85,92,174,76,190,114,118,52,102,58,157,61,38,107,19,108
115,FRMR-0070-444H,FRMR-0070-444H_1,FRMR-0070-444H_1-M1-1,F,M1,H7YMLAFXX,L001,396,17,95,165,96,157,143,110,44,158,133,59,59,67,147,73,82,51,76,242,112,141,79,84,249,97,157,84,130,67,75,77,199,73,120,125,127,66,106,147,74,65,161,94,270,72,204,136,198,86,97,66,188,53,213,59,69,75,113,205,98,144,70,114,196,104,170,85,130,42,101,71,134,37,37,79,22,103
116,FRMR-0070-444H,FRMR-0070-444H_1,FRMR-0070-444H_1-M1-1,F,M1,H7YMLAFXX,L004,398,8,99,183,103,147,142,112,47,159,148,82,66,60,159,72,78,38,91,280,109,127,101,87,196,88,155,71,156,72,103,98,205,84,125,103,118,74,106,138,103,86,171,110,265,83,214,122,232,75,87,64,207,60,245,72,51,83,147,204,75,156,53,145,161,90,182,110,105,44,138,65,144,50,40,95,17,76
117,MRMR-0073-177W,MRMR-0073-177W_1,MRMR-0073-177W_1-M1-1,M,M1,H7YMLAFXX,L001,175,9,40,62,34,30,54,30,16,25,32,36,28,29,86,19,24,11,28,133,44,48,34,25,82,37,80,34,49,25,22,40,54,39,46,32,52,24,23,39,49,39,32,52,102,46,79,38,65,31,48,37,59,50,62,35,34,29,42,61,27,45,17,43,68,32,50,38,41,15,32,21,54,20,16,55,4,26
118,MRMR-0073-177W,MRMR-0073-177W_1,MRMR-0073-177W_1-M1-1,M,M1,H7YMLAFXX,L003,142,4,46,61,26,71,50,40,12,51,36,29,29,25,80,19,20,10,27,98,29,63,52,50,84,32,59,27,61,12,32,43,58,20,45,44,52,15,36,49,42,32,52,51,97,42,71,54,89,32,38,21,54,31,80,16,17,25,45,57,19,61,22,58,53,36,77,35,58,9,42,42,43,18,24,48,12,40
119,MRMR-0073-177W,MRMR-0073-177W_1,MRMR-0073-177W_1-M1-1,M,M1,H7YMLAFXX,L002,191,4,44,68,38,59,55,34,17,38,41,23,30,18,43,27,40,13,26,103,31,53,38,48,78,37,103,18,33,13,30,39,72,25,30,48,50,32,25,41,38,29,49,53,89,38,68,41,51,33,25,24,42,50,65,16,29,32,46,72,28,66,15,43,74,46,60,45,55,21,35,18,42,21,12,36,12,18
120,MRMR-0073-177W,MRMR-0073-177W_1,MRMR-0073-177W_1-M1-1,M,M1,H7YMLAFXX,L004,159,1,38,70,38,41,63,43,10,38,37,27,37,23,50,15,52,10,23,117,29,54,58,41,95,51,75,30,55,21,22,28,59,25,35,36,57,27,29,51,39,32,31,58,81,43,72,31,55,26,38,31,77,29,66,23,24,25,49,76,21,48,36,31,58,51,60,32,41,12,27,36,56,21,7,43,4,46
121,FRMR-00AW-8645,FRMR-00AW-8645_1,FRMR-00AW-8645_1-M1-1,F,M1,H7VJGAFXX,L004,452,33,106,168,89,157,175,140,37,146,116,88,105,79,157,78,109,44,98,302,126,185,109,93,292,133,165,107,177,67,75,111,158,82,139,143,162,74,77,155,89,70,127,134,272,115,271,129,171,85,109,101,178,101,202,88,77,81,140,205,105,164,93,135,224,122,182,128,137,56,132,82,179,83,51,97,18,123
122,FRMR-00AW-8645,FRMR-00AW-8645_1,FRMR-00AW-8645_1-M1-1,F,M1,H7VJGAFXX,L001,441,17,119,188,120,153,187,112,47,158,110,100,79,65,224,80,102,69,103,310,127,176,135,85,315,85,212,102,204,58,118,144,185,120,131,144,130,66,111,98,144,75,166,179,306,135,277,129,227,97,126,91,230,111,211,48,89,78,149,254,106,179,101,174,242,133,212,112,160,53,105,99,173,69,52,115,22,107
123,FRMR-00AW-8645,FRMR-00AW-8645_1,FRMR-00AW-8645_1-M1-1,F,M1,H7VJGAFXX,L002,408,11,91,155,87,143,173,145,35,133,125,119,101,42,172,62,112,36,113,273,109,209,108,86,257,96,142,91,148,41,101,112,197,91,153,123,122,65,95,118,110,58,145,117,281,107,233,120,209,88,85,81,189,87,220,72,80,95,117,176,90,178,58,126,240,116,196,105,121,25,131,80,145,61,48,106,23,126
124,FRMR-00AW-8645,FRMR-00AW-8645_1,FRMR-00AW-8645_1-M1-1,F,M1,H7VJGAFXX,L003,417,24,110,159,103,166,173,139,45,130,107,102,88,70,137,61,93,63,114,226,128,190,128,115,263,78,169,91,134,63,95,92,186,102,124,141,150,75,97,120,99,77,111,113,257,84,235,122,212,84,73,68,185,86,236,58,60,73,142,216,85,173,81,120,192,100,171,85,78,45,148,52,176,49,42,120,23,108
125,MRMR-0060-736V,MRMR-0060-736V_1,MRMR-0060-736V_1-M1-1,M,M1,H7YMLAFXX,L004,214,3,60,83,40,86,77,50,16,63,52,44,22,27,60,55,42,24,42,140,57,77,49,32,154,49,72,41,94,37,45,60,116,39,57,58,75,45,60,52,45,29,80,47,128,54,99,56,94,37,60,30,92,43,96,28,18,37,78,114,45,77,44,47,93,64,90,63,61,24,59,27,87,42,8,56,7,53
126,MRMR-0060-736V,MRMR-0060-736V_1,MRMR-0060-736V_1-M1-1,M,M1,H7YMLAFXX,L001,219,3,54,91,60,105,87,46,14,72,63,41,31,39,74,40,37,23,49,141,70,65,54,44,128,42,94,30,79,30,48,38,114,35,55,53,49,27,42,54,54,33,85,77,106,34,90,67,90,37,44,35,81,30,89,28,35,45,70,83,36,87,24,63,105,52,97,44,38,21,52,35,72,36,15,59,9,65
127,MRMR-0060-736V,MRMR-0060-736V_1,MRMR-0060-736V_1-M1-1,M,M1,H7YMLAFXX,L003,274,2,51,86,53,99,70,52,16,69,66,49,32,52,95,28,48,24,48,129,73,74,63,23,127,52,94,56,69,27,40,44,104,35,52,71,63,34,61,87,40,28,78,60,152,45,131,78,114,44,52,31,69,45,109,27,35,48,70,131,33,92,37,49,68,52,111,49,61,19,66,35,65,38,25,37,12,56
128,MRMR-0060-736V,MRMR-0060-736V_1,MRMR-0060-736V_1-M1-1,M,M1,H7YMLAFXX,L002,217,8,85,81,58,84,76,57,20,54,50,44,30,37,71,38,49,24,47,164,52,56,45,47,143,43,78,41,70,40,62,48,127,41,57,66,54,30,43,77,44,36,54,61,127,52,113,36,91,50,36,26,93,24,108,18,30,35,79,103,29,85,33,58,93,46,99,32,44,18,57,35,81,25,15,46,7,61
129,MRMR-0052-358X,MRMR-0052-358X_1,MRMR-0052-358X_1-M1-1,M,M1,HCMNKAFXX,L004,309,8,50,117,77,109,100,54,18,92,75,40,54,38,97,45,48,39,51,133,73,87,76,46,164,52,94,62,88,34,60,53,103,54,66,65,61,50,67,59,37,52,102,91,164,61,143,64,108,47,53,41,110,37,117,35,42,36,82,113,43,105,26,81,133,70,95,34,66,36,79,36,95,20,37,63,9,97
130,MRMR-0052-358X,MRMR-0052-358X_1,MRMR-0052-358X_1-M1-1,M,M1,HCMNKAFXX,L001,291,7,56,113,94,109,102,56,24,89,81,61,55,43,97,37,47,27,71,138,90,93,84,59,154,66,142,41,84,34,59,59,125,54,57,69,55,35,72,60,37,46,107,66,203,41,152,58,105,66,61,47,102,54,115,39,57,40,68,124,47,76,49,82,109,60,108,54,71,37,90,49,101,33,24,63,14,42
131,MRMR-0052-358X,MRMR-0052-358X_1,MRMR-0052-358X_1-M1-1,M,M1,HCMNKAFXX,L002,340,12,63,110,58,99,91,68,28,79,55,69,48,38,109,42,51,30,54,167,70,90,88,69,165,55,122,35,83,41,62,60,94,44,64,86,74,36,64,70,57,48,84,69,133,33,134,67,112,52,60,39,90,46,142,37,37,54,60,130,46,76,49,74,107,62,88,73,69,37,75,38,93,38,26,48,9,77
132,MRMR-0052-358X,MRMR-0052-358X_1,MRMR-0052-358X_1-M1-1,M,M1,HCMNKAFXX,L003,261,10,68,77,70,95,82,59,33,78,66,58,52,30,88,45,61,17,65,138,57,96,64,59,136,40,108,59,80,43,55,61,95,38,40,65,69,51,55,76,52,46,73,66,134,42,112,65,114,32,48,54,88,27,105,42,43,37,61,125,31,98,61,65,78,56,90,57,49,48,85,45,70,23,28,70,12,36
133,FRMR-00ST-841F,FRMR-00ST-841F_1,FRMR-00ST-841F_1-M1-1,F,M1,H7VJGAFXX,L001,365,16,102,173,65,108,124,90,36,127,78,75,43,66,126,58,58,33,89,220,99,114,76,76,213,71,157,50,102,49,72,71,141,55,84,73,92,49,77,76,51,69,104,88,216,59,118,79,163,67,79,59,137,53,197,58,51,81,75,143,68,110,55,106,149,68,163,53,92,40,83,65,85,41,45,73,17,86
134,FRMR-00ST-841F,FRMR-00ST-841F_1,FRMR-00ST-841F_1-M1-1,F,M1,H7VJGAFXX,L003,251,12,75,126,73,110,109,82,19,100,90,63,50,56,120,53,49,26,62,170,107,87,73,60,154,62,140,35,85,35,78,66,88,58,65,70,101,48,81,74,79,52,148,88,216,67,144,79,134,47,59,52,128,56,169,56,39,45,50,105,40,93,44,91,114,64,130,60,79,57,87,48,95,45,18,39,13,60
135,FRMR-00ST-841F,FRMR-00ST-841F_1,FRMR-00ST-841F_1-M1-1,F,M1,H7VJGAFXX,L002,362,10,80,148,86,93,108,87,28,118,82,68,49,40,85,45,71,43,54,156,84,113,73,68,167,55,168,57,86,46,64,52,115,64,59,43,77,53,81,76,79,48,121,88,167,59,164,109,156,60,69,50,111,75,165,40,50,48,83,132,62,125,47,94,111,105,115,59,92,46,85,53,132,29,32,50,15,61
136,FRMR-00ST-841F,FRMR-00ST-841F_1,FRMR-00ST-841F_1-M1-1,F,M1,H7VJGAFXX,L004,352,18,86,135,76,107,112,89,21,138,86,61,67,43,143,50,54,35,66,180,79,130,108,50,199,84,133,55,82,44,54,59,102,70,71,88,93,59,97,114,72,53,95,102,207,53,169,113,138,50,62,49,134,59,136,50,62,59,86,116,50,99,42,91,131,53,143,52,83,56,108,59,134,30,25,65,16,93
137,FRMR-00AG-860T,FRMR-00AG-860T_1,FRMR-00AG-860T_1-M1-1,F,M1,H7VJGAFXX,L004,268,12,82,158,91,108,87,67,15,113,75,56,72,49,103,52,59,22,68,206,72,109,70,72,184,62,157,52,96,50,58,63,105,36,72,69,58,78,61,83,64,28,98,72,180,52,119,81,146,50,56,39,105,52,124,61,42,45,89,118,50,115,45,89,140,70,124,54,54,28,84,63,109,32,32,62,17,54
138,FRMR-00AG-860T,FRMR-00AG-860T_1,FRMR-00AG-860T_1-M1-1,F,M1,H7VJGAFXX,L001,327,14,57,132,108,91,124,63,26,135,71,68,59,57,121,48,64,30,65,193,97,102,71,53,198,68,129,77,85,43,73,78,113,49,66,79,71,69,51,100,76,33,91,95,209,68,158,74,112,72,56,45,150,64,151,40,57,45,88,128,54,111,55,69,115,64,121,48,66,33,100,39,128,28,24,79,18,59
139,FRMR-00AG-860T,FRMR-00AG-860T_1,FRMR-00AG-860T_1-M1-1,F,M1,H7VJGAFXX,L003,268,10,45,128,80,109,111,74,31,94,67,53,71,32,134,41,60,34,59,168,72,98,80,43,184,52,152,60,80,39,55,63,82,46,59,73,86,49,47,99,41,44,130,73,162,60,158,77,132,49,65,44,92,44,135,40,42,46,92,104,46,82,49,72,132,82,146,33,54,23,52,44,92,35,33,64,13,78
140,FRMR-00AG-860T,FRMR-00AG-860T_1,FRMR-00AG-860T_1-M1-1,F,M1,H7VJGAFXX,L002,299,10,51,147,61,71,76,61,18,100,79,60,42,35,107,35,57,22,52,196,72,72,56,50,170,55,149,40,108,38,54,50,87,47,81,45,74,46,63,82,54,40,78,98,180,54,154,78,118,50,44,40,130,53,119,45,77,39,75,96,39,94,39,57,115,66,131,68,79,40,74,50,83,30,29,64,12,77
141,FRMR-00SD-679G,FRMR-00SD-679G_1,FRMR-00SD-679G_1-M1-1,F,M1,H7YMLAFXX,L004,238,10,56,80,47,95,78,56,21,75,68,48,45,27,116,39,53,26,60,172,69,105,54,56,131,64,108,51,72,31,39,59,107,52,63,64,48,41,36,65,51,45,87,80,161,50,129,61,113,39,63,30,109,31,144,39,41,55,76,117,45,102,48,63,123,66,94,49,65,19,69,52,102,32,27,56,8,64
142,FRMR-00SD-679G,FRMR-00SD-679G_1,FRMR-00SD-679G_1-M1-1,F,M1,H7YMLAFXX,L002,197,17,54,97,52,93,84,63,21,86,55,50,52,32,74,47,53,33,67,169,79,99,79,46,155,59,100,43,87,55,58,59,116,42,59,75,81,56,49,63,64,48,92,87,153,44,121,59,96,46,38,27,116,26,129,31,40,43,93,105,53,102,48,57,124,56,85,52,66,20,54,28,87,29,24,58,8,47
143,FRMR-00SD-679G,FRMR-00SD-679G_1,FRMR-00SD-679G_1-M1-1,F,M1,H7YMLAFXX,L003,241,11,58,72,88,95,91,83,22,95,85,53,56,32,83,47,47,31,73,133,48,98,70,50,155,54,94,55,99,37,48,52,114,59,56,79,72,55,52,79,64,59,94,79,168,58,125,54,110,43,65,55,134,40,143,41,47,44,77,133,55,101,54,62,113,51,96,61,55,31,92,42,107,20,9,73,6,51
144,FRMR-00SD-679G,FRMR-00SD-679G_1,FRMR-00SD-679G_1-M1-1,F,M1,H7YMLAFXX,L001,201,10,44,84,57,69,79,74,17,72,67,47,44,27,95,38,60,34,75,130,68,93,90,53,130,44,102,49,103,32,49,46,121,36,59,53,68,40,81,57,53,48,65,83,129,56,133,63,108,63,49,33,90,54,135,54,42,69,70,122,38,82,40,86,102,67,94,62,57,32,56,52,93,37,17,66,14,69
